n-2,n-1,n,n+1,n+2
22.728,22.905,22.281,22.358,22.468
22.589,22.728,22.905,22.281,22.358
23.234,22.589,22.728,22.905,22.281
23.285,23.234,22.589,22.728,22.905
22.846,23.285,23.234,22.589,22.728
22.79,22.846,23.285,23.234,22.589
22.952,22.79,22.846,23.285,23.234
23.396,22.952,22.79,22.846,23.285
22.774,23.396,22.952,22.79,22.846
22.795,22.774,23.396,22.952,22.79
22.895,22.795,22.774,23.396,22.952
22.999,22.895,22.795,22.774,23.396
23.095,22.999,22.895,22.795,22.774
23.504,23.095,22.999,22.895,22.795
23.031,23.504,23.095,22.999,22.895
23.099,23.031,23.504,23.095,22.999
23.024,23.099,23.031,23.504,23.095
22.765,23.024,23.099,23.031,23.504
22.895,22.765,23.024,23.099,23.031
21.959,22.895,22.765,23.024,23.099
22.133,21.959,22.895,22.765,23.024
21.953,22.133,21.959,22.895,22.765
21.924,21.953,22.133,21.959,22.895
21.723,21.924,21.953,22.133,21.959
21.019,21.723,21.924,21.953,22.133
21.146,21.019,21.723,21.924,21.953
21.377,21.146,21.019,21.723,21.924
21.421,21.377,21.146,21.019,21.723
22.45,21.421,21.377,21.146,21.019
22.741,22.45,21.421,21.377,21.146
22.724,22.741,22.45,21.421,21.377
23.196,22.724,22.741,22.45,21.421
23.385,23.196,22.724,22.741,22.45
23.844,23.385,23.196,22.724,22.741
23.687,23.844,23.385,23.196,22.724
23.836,23.687,23.844,23.385,23.196
23.456,23.836,23.687,23.844,23.385
23.498,23.456,23.836,23.687,23.844
23.386,23.498,23.456,23.836,23.687
22.994,23.386,23.498,23.456,23.836
23.181,22.994,23.386,23.498,23.456
23.402,23.181,22.994,23.386,23.498
23.383,23.402,23.181,22.994,23.386
23.174,23.383,23.402,23.181,22.994
23.24,23.174,23.383,23.402,23.181
23.503,23.24,23.174,23.383,23.402
23.873,23.503,23.24,23.174,23.383
24.305,23.873,23.503,23.24,23.174
24.532,24.305,23.873,23.503,23.24
24.562,24.532,24.305,23.873,23.503
24.812,24.562,24.532,24.305,23.873
25.104,24.812,24.562,24.532,24.305
25.139,25.104,24.812,24.562,24.532
24.605,25.139,25.104,24.812,24.562
24.583,24.605,25.139,25.104,24.812
24.575,24.583,24.605,25.139,25.104
24.71,24.575,24.583,24.605,25.139
23.763,24.71,24.575,24.583,24.605
23.659,23.763,24.71,24.575,24.583
22.733,23.659,23.763,24.71,24.575
22.715,22.733,23.659,23.763,24.71
22.535,22.715,22.733,23.659,23.763
22.656,22.535,22.715,22.733,23.659
22.708,22.656,22.535,22.715,22.733
22.743,22.708,22.656,22.535,22.715
22.821,22.743,22.708,22.656,22.535
22.731,22.821,22.743,22.708,22.656
22.807,22.731,22.821,22.743,22.708
23.232,22.807,22.731,22.821,22.743
23.716,23.232,22.807,22.731,22.821
23.697,23.716,23.232,22.807,22.731
23.872,23.697,23.716,23.232,22.807
24.326,23.872,23.697,23.716,23.232
24.972,24.326,23.872,23.697,23.716
24.495,24.972,24.326,23.872,23.697
24.243,24.495,24.972,24.326,23.872
24.841,24.243,24.495,24.972,24.326
24.695,24.841,24.243,24.495,24.972
24.451,24.695,24.841,24.243,24.495
24.855,24.451,24.695,24.841,24.243
24.992,24.855,24.451,24.695,24.841
25.387,24.992,24.855,24.451,24.695
25.256,25.387,24.992,24.855,24.451
25.018,25.256,25.387,24.992,24.855
25.194,25.018,25.256,25.387,24.992
24.949,25.194,25.018,25.256,25.387
24.31,24.949,25.194,25.018,25.256
23.281,24.31,24.949,25.194,25.018
23.345,23.281,24.31,24.949,25.194
23.289,23.345,23.281,24.31,24.949
22.89,23.289,23.345,23.281,24.31
23.402,22.89,23.289,23.345,23.281
23.168,23.402,22.89,23.289,23.345
23.112,23.168,23.402,22.89,23.289
22.81,23.112,23.168,23.402,22.89
22.591,22.81,23.112,23.168,23.402
22.868,22.591,22.81,23.112,23.168
22.939,22.868,22.591,22.81,23.112
22.805,22.939,22.868,22.591,22.81
22.328,22.805,22.939,22.868,22.591
22.436,22.328,22.805,22.939,22.868
22.774,22.436,22.328,22.805,22.939
23.193,22.774,22.436,22.328,22.805
24.062,23.193,22.774,22.436,22.328
24.198,24.062,23.193,22.774,22.436
24.076,24.198,24.062,23.193,22.774
23.891,24.076,24.198,24.062,23.193
24.105,23.891,24.076,24.198,24.062
23.822,24.105,23.891,24.076,24.198
24.059,23.822,24.105,23.891,24.076
24.41,24.059,23.822,24.105,23.891
24.348,24.41,24.059,23.822,24.105
23.529,24.348,24.41,24.059,23.822
23.67,23.529,24.348,24.41,24.059
23.635,23.67,23.529,24.348,24.41
23.747,23.635,23.67,23.529,24.348
23.987,23.747,23.635,23.67,23.529
23.587,23.987,23.747,23.635,23.67
23.239,23.587,23.987,23.747,23.635
23.267,23.239,23.587,23.987,23.747
23.413,23.267,23.239,23.587,23.987
23.248,23.413,23.267,23.239,23.587
22.803,23.248,23.413,23.267,23.239
23.132,22.803,23.248,23.413,23.267
23.509,23.132,22.803,23.248,23.413
23.743,23.509,23.132,22.803,23.248
23.948,23.743,23.509,23.132,22.803
23.523,23.948,23.743,23.509,23.132
23.789,23.523,23.948,23.743,23.509
23.783,23.789,23.523,23.948,23.743
24.175,23.783,23.789,23.523,23.948
24.154,24.175,23.783,23.789,23.523
24.424,24.154,24.175,23.783,23.789
25.658,24.424,24.154,24.175,23.783
25.898,25.658,24.424,24.154,24.175
25.834,25.898,25.658,24.424,24.154
25.93,25.834,25.898,25.658,24.424
26.358,25.93,25.834,25.898,25.658
25.681,26.358,25.93,25.834,25.898
25.619,25.681,26.358,25.93,25.834
25.23,25.619,25.681,26.358,25.93
25.226,25.23,25.619,25.681,26.358
25.209,25.226,25.23,25.619,25.681
25.071,25.209,25.226,25.23,25.619
25.088,25.071,25.209,25.226,25.23
25.524,25.088,25.071,25.209,25.226
25.28,25.524,25.088,25.071,25.209
25.595,25.28,25.524,25.088,25.071
25.59,25.595,25.28,25.524,25.088
25.484,25.59,25.595,25.28,25.524
25.088,25.484,25.59,25.595,25.28
25.46,25.088,25.484,25.59,25.595
25.925,25.46,25.088,25.484,25.59
25.458,25.925,25.46,25.088,25.484
25.186,25.458,25.925,25.46,25.088
24.912,25.186,25.458,25.925,25.46
25.093,24.912,25.186,25.458,25.925
25.037,25.093,24.912,25.186,25.458
25.101,25.037,25.093,24.912,25.186
24.021,25.101,25.037,25.093,24.912
24.156,24.021,25.101,25.037,25.093
23.989,24.156,24.021,25.101,25.037
23.391,23.989,24.156,24.021,25.101
23.345,23.391,23.989,24.156,24.021
23.075,23.345,23.391,23.989,24.156
23.247,23.075,23.345,23.391,23.989
23.144,23.247,23.075,23.345,23.391
22.675,23.144,23.247,23.075,23.345
22.324,22.675,23.144,23.247,23.075
22.533,22.324,22.675,23.144,23.247
22.351,22.533,22.324,22.675,23.144
21.588,22.351,22.533,22.324,22.675
21.774,21.588,22.351,22.533,22.324
21.929,21.774,21.588,22.351,22.533
21.793,21.929,21.774,21.588,22.351
20.375,21.793,21.929,21.774,21.588
20.025,20.375,21.793,21.929,21.774
20.005,20.025,20.375,21.793,21.929
20.054,20.005,20.025,20.375,21.793
20.984,20.054,20.005,20.025,20.375
21.238,20.984,20.054,20.005,20.025
20.766,21.238,20.984,20.054,20.005
20.959,20.766,21.238,20.984,20.054
20.961,20.959,20.766,21.238,20.984
20.67,20.961,20.959,20.766,21.238
20.81,20.67,20.961,20.959,20.766
21.306,20.81,20.67,20.961,20.959
21.677,21.306,20.81,20.67,20.961
21.89,21.677,21.306,20.81,20.67
21.808,21.89,21.677,21.306,20.81
21.598,21.808,21.89,21.677,21.306
21.715,21.598,21.808,21.89,21.677
21.71,21.715,21.598,21.808,21.89
21.572,21.71,21.715,21.598,21.808
21.873,21.572,21.71,21.715,21.598
21.852,21.873,21.572,21.71,21.715
22.075,21.852,21.873,21.572,21.71
22.143,22.075,21.852,21.873,21.572
22.42,22.143,22.075,21.852,21.873
22.177,22.42,22.143,22.075,21.852
22.237,22.177,22.42,22.143,22.075
22.405,22.237,22.177,22.42,22.143
23.615,22.405,22.237,22.177,22.42
23.609,23.615,22.405,22.237,22.177
23.836,23.609,23.615,22.405,22.237
23.733,23.836,23.609,23.615,22.405
23.534,23.733,23.836,23.609,23.615
23.937,23.534,23.733,23.836,23.609
23.846,23.937,23.534,23.733,23.836
23.665,23.846,23.937,23.534,23.733
23.481,23.665,23.846,23.937,23.534
23.86,23.481,23.665,23.846,23.937
23.791,23.86,23.481,23.665,23.846
23.569,23.791,23.86,23.481,23.665
23.978,23.569,23.791,23.86,23.481
24.455,23.978,23.569,23.791,23.86
24.415,24.455,23.978,23.569,23.791
24.279,24.415,24.455,23.978,23.569
23.914,24.279,24.415,24.455,23.978
23.481,23.914,24.279,24.415,24.455
23.665,23.481,23.914,24.279,24.415
23.871,23.665,23.481,23.914,24.279
23.982,23.871,23.665,23.481,23.914
23.424,23.982,23.871,23.665,23.481
23.964,23.424,23.982,23.871,23.665
24.236,23.964,23.424,23.982,23.871
24.328,24.236,23.964,23.424,23.982
24.04,24.328,24.236,23.964,23.424
24.25,24.04,24.328,24.236,23.964
23.84,24.25,24.04,24.328,24.236
24.217,23.84,24.25,24.04,24.328
24.055,24.217,23.84,24.25,24.04
23.92,24.055,24.217,23.84,24.25
23.622,23.92,24.055,24.217,23.84
24.194,23.622,23.92,24.055,24.217
24.271,24.194,23.622,23.92,24.055
23.199,24.271,24.194,23.622,23.92
23.328,23.199,24.271,24.194,23.622
23.305,23.328,23.199,24.271,24.194
24.136,23.305,23.328,23.199,24.271
23.99,24.136,23.305,23.328,23.199
23.403,23.99,24.136,23.305,23.328
23.717,23.403,23.99,24.136,23.305
23.246,23.717,23.403,23.99,24.136
22.922,23.246,23.717,23.403,23.99
22.335,22.922,23.246,23.717,23.403
22.417,22.335,22.922,23.246,23.717
23.25,22.417,22.335,22.922,23.246
22.841,23.25,22.417,22.335,22.922
21.781,22.841,23.25,22.417,22.335
21.436,21.781,22.841,23.25,22.417
21.125,21.436,21.781,22.841,23.25
21.609,21.125,21.436,21.781,22.841
21.508,21.609,21.125,21.436,21.781
21.526,21.508,21.609,21.125,21.436
21.229,21.526,21.508,21.609,21.125
20.872,21.229,21.526,21.508,21.609
20.997,20.872,21.229,21.526,21.508
20.975,20.997,20.872,21.229,21.526
21.524,20.975,20.997,20.872,21.229
21.518,21.524,20.975,20.997,20.872
22.113,21.518,21.524,20.975,20.997
21.667,22.113,21.518,21.524,20.975
21.702,21.667,22.113,21.518,21.524
21.327,21.702,21.667,22.113,21.518
21.502,21.327,21.702,21.667,22.113
20.919,21.502,21.327,21.702,21.667
20.919,20.919,21.502,21.327,21.702
20.784,20.919,20.919,21.502,21.327
19.43,20.784,20.919,20.919,21.502
19.594,19.43,20.784,20.919,20.919
19.667,19.594,19.43,20.784,20.919
19.119,19.667,19.594,19.43,20.784
19.147,19.119,19.667,19.594,19.43
19.494,19.147,19.119,19.667,19.594
19.486,19.494,19.147,19.119,19.667
19.349,19.486,19.494,19.147,19.119
19.189,19.349,19.486,19.494,19.147
19.066,19.189,19.349,19.486,19.494
18.689,19.066,19.189,19.349,19.486
18.359,18.689,19.066,19.189,19.349
18.6,18.359,18.689,19.066,19.189
18.719,18.6,18.359,18.689,19.066
18.071,18.719,18.6,18.359,18.689
18.918,18.071,18.719,18.6,18.359
18.938,18.918,18.071,18.719,18.6
19.487,18.938,18.918,18.071,18.719
19.615,19.487,18.938,18.918,18.071
20.255,19.615,19.487,18.938,18.918
20.66,20.255,19.615,19.487,18.938
20.544,20.66,20.255,19.615,19.487
21.099,20.544,20.66,20.255,19.615
20.589,21.099,20.544,20.66,20.255
19.039,20.589,21.099,20.544,20.66
18.712,19.039,20.589,21.099,20.544
18.88,18.712,19.039,20.589,21.099
18.337,18.88,18.712,19.039,20.589
18.48,18.337,18.88,18.712,19.039
18.91,18.48,18.337,18.88,18.712
19.617,18.91,18.48,18.337,18.88
19.48,19.617,18.91,18.48,18.337
19.183,19.48,19.617,18.91,18.48
19.358,19.183,19.48,19.617,18.91
19.381,19.358,19.183,19.48,19.617
19.269,19.381,19.358,19.183,19.48
19.569,19.269,19.381,19.358,19.183
19.491,19.569,19.269,19.381,19.358
19.86,19.491,19.569,19.269,19.381
18.767,19.86,19.491,19.569,19.269
18.442,18.767,19.86,19.491,19.569
18.26,18.442,18.767,19.86,19.491
17.908,18.26,18.442,18.767,19.86
17.881,17.908,18.26,18.442,18.767
17.666,17.881,17.908,18.26,18.442
17.882,17.666,17.881,17.908,18.26
18.287,17.882,17.666,17.881,17.908
18.557,18.287,17.882,17.666,17.881
18.746,18.557,18.287,17.882,17.666
19.12,18.746,18.557,18.287,17.882
18.907,19.12,18.746,18.557,18.287
19.026,18.907,19.12,18.746,18.557
18.878,19.026,18.907,19.12,18.746
19.069,18.878,19.026,18.907,19.12
19.464,19.069,18.878,19.026,18.907
19.731,19.464,19.069,18.878,19.026
20.085,19.731,19.464,19.069,18.878
20.272,20.085,19.731,19.464,19.069
20.698,20.272,20.085,19.731,19.464
20.349,20.698,20.272,20.085,19.731
20.742,20.349,20.698,20.272,20.085
20.482,20.742,20.349,20.698,20.272
20.614,20.482,20.742,20.349,20.698
19.842,20.614,20.482,20.742,20.349
20.122,19.842,20.614,20.482,20.742
19.894,20.122,19.842,20.614,20.482
20.139,19.894,20.122,19.842,20.614
20.362,20.139,19.894,20.122,19.842
20.197,20.362,20.139,19.894,20.122
19.868,20.197,20.362,20.139,19.894
18.6,19.868,20.197,20.362,20.139
18.535,18.6,19.868,20.197,20.362
18.328,18.535,18.6,19.868,20.197
18.617,18.328,18.535,18.6,19.868
18.719,18.617,18.328,18.535,18.6
18.668,18.719,18.617,18.328,18.535
18.713,18.668,18.719,18.617,18.328
18.84,18.713,18.668,18.719,18.617
18.594,18.84,18.713,18.668,18.719
18.225,18.594,18.84,18.713,18.668
19.194,18.225,18.594,18.84,18.713
18.958,19.194,18.225,18.594,18.84
19.132,18.958,19.194,18.225,18.594
19.236,19.132,18.958,19.194,18.225
19.188,19.236,19.132,18.958,19.194
19.159,19.188,19.236,19.132,18.958
19.121,19.159,19.188,19.236,19.132
19.667,19.121,19.159,19.188,19.236
20.352,19.667,19.121,19.159,19.188
20.738,20.352,19.667,19.121,19.159
20.806,20.738,20.352,19.667,19.121
21.168,20.806,20.738,20.352,19.667
21.125,21.168,20.806,20.738,20.352
21.042,21.125,21.168,20.806,20.738
21.421,21.042,21.125,21.168,20.806
21.768,21.421,21.042,21.125,21.168
21.587,21.768,21.421,21.042,21.125
21.885,21.587,21.768,21.421,21.042
21.42,21.885,21.587,21.768,21.421
20.954,21.42,21.885,21.587,21.768
21.255,20.954,21.42,21.885,21.587
21.931,21.255,20.954,21.42,21.885
21.817,21.931,21.255,20.954,21.42
22.094,21.817,21.931,21.255,20.954
22.178,22.094,21.817,21.931,21.255
22.092,22.178,22.094,21.817,21.931
21.908,22.092,22.178,22.094,21.817
22.275,21.908,22.092,22.178,22.094
21.915,22.275,21.908,22.092,22.178
21.688,21.915,22.275,21.908,22.092
22.096,21.688,21.915,22.275,21.908
21.965,22.096,21.688,21.915,22.275
21.87,21.965,22.096,21.688,21.915
22.063,21.87,21.965,22.096,21.688
21.723,22.063,21.87,21.965,22.096
21.674,21.723,22.063,21.87,21.965
21.908,21.674,21.723,22.063,21.87
21.544,21.908,21.674,21.723,22.063
21.75,21.544,21.908,21.674,21.723
21.551,21.75,21.544,21.908,21.674
21.001,21.551,21.75,21.544,21.908
20.773,21.001,21.551,21.75,21.544
21.575,20.773,21.001,21.551,21.75
21.424,21.575,20.773,21.001,21.551
21.82,21.424,21.575,20.773,21.001
22.367,21.82,21.424,21.575,20.773
22.443,22.367,21.82,21.424,21.575
22.402,22.443,22.367,21.82,21.424
22.665,22.402,22.443,22.367,21.82
22.584,22.665,22.402,22.443,22.367
23.085,22.584,22.665,22.402,22.443
23.181,23.085,22.584,22.665,22.402
23.46,23.181,23.085,22.584,22.665
23.544,23.46,23.181,23.085,22.584
23.67,23.544,23.46,23.181,23.085
24.259,23.67,23.544,23.46,23.181
24.621,24.259,23.67,23.544,23.46
25.271,24.621,24.259,23.67,23.544
25.391,25.271,24.621,24.259,23.67
26.15,25.391,25.271,24.621,24.259
25.7,26.15,25.391,25.271,24.621
26.03,25.7,26.15,25.391,25.271
25.735,26.03,25.7,26.15,25.391
24.987,25.735,26.03,25.7,26.15
24.823,24.987,25.735,26.03,25.7
24.735,24.823,24.987,25.735,26.03
24.458,24.735,24.823,24.987,25.735
24.534,24.458,24.735,24.823,24.987
24.59,24.534,24.458,24.735,24.823
24.654,24.59,24.534,24.458,24.735
25.133,24.654,24.59,24.534,24.458
25.113,25.133,24.654,24.59,24.534
24.736,25.113,25.133,24.654,24.59
25.196,24.736,25.113,25.133,24.654
25.615,25.196,24.736,25.113,25.133
25.92,25.615,25.196,24.736,25.113
25.189,25.92,25.615,25.196,24.736
24.904,25.189,25.92,25.615,25.196
25.313,24.904,25.189,25.92,25.615
25.087,25.313,24.904,25.189,25.92
25.616,25.087,25.313,24.904,25.189
24.71,25.616,25.087,25.313,24.904
25.158,24.71,25.616,25.087,25.313
25.298,25.158,24.71,25.616,25.087
26.16,25.298,25.158,24.71,25.616
26.256,26.16,25.298,25.158,24.71
25.816,26.256,26.16,25.298,25.158
26.895,25.816,26.256,26.16,25.298
25.72,26.895,25.816,26.256,26.16
25.789,25.72,26.895,25.816,26.256
25.212,25.789,25.72,26.895,25.816
25.19,25.212,25.789,25.72,26.895
25.541,25.19,25.212,25.789,25.72
24.366,25.541,25.19,25.212,25.789
24.017,24.366,25.541,25.19,25.212
24.687,24.017,24.366,25.541,25.19
24.553,24.687,24.017,24.366,25.541
24.311,24.553,24.687,24.017,24.366
23.992,24.311,24.553,24.687,24.017
23.875,23.992,24.311,24.553,24.687
23.605,23.875,23.992,24.311,24.553
23.342,23.605,23.875,23.992,24.311
23.848,23.342,23.605,23.875,23.992
23.369,23.848,23.342,23.605,23.875
23.522,23.369,23.848,23.342,23.605
23.341,23.522,23.369,23.848,23.342
23.2,23.341,23.522,23.369,23.848
23.076,23.2,23.341,23.522,23.369
22.475,23.076,23.2,23.341,23.522
22.375,22.475,23.076,23.2,23.341
22.707,22.375,22.475,23.076,23.2
22.595,22.707,22.375,22.475,23.076
22.393,22.595,22.707,22.375,22.475
22.301,22.393,22.595,22.707,22.375
22.676,22.301,22.393,22.595,22.707
23.807,22.676,22.301,22.393,22.595
23.896,23.807,22.676,22.301,22.393
23.8,23.896,23.807,22.676,22.301
24.32,23.8,23.896,23.807,22.676
24.716,24.32,23.8,23.896,23.807
24.231,24.716,24.32,23.8,23.896
23.492,24.231,24.716,24.32,23.8
22.918,23.492,24.231,24.716,24.32
23.162,22.918,23.492,24.231,24.716
23.207,23.162,22.918,23.492,24.231
22.812,23.207,23.162,22.918,23.492
22.462,22.812,23.207,23.162,22.918
22.409,22.462,22.812,23.207,23.162
22.19,22.409,22.462,22.812,23.207
23.17,22.19,22.409,22.462,22.812
23.056,23.17,22.19,22.409,22.462
22.81,23.056,23.17,22.19,22.409
23.352,22.81,23.056,23.17,22.19
23.06,23.352,22.81,23.056,23.17
22.858,23.06,23.352,22.81,23.056
23.121,22.858,23.06,23.352,22.81
22.989,23.121,22.858,23.06,23.352
22.94,22.989,23.121,22.858,23.06
22.819,22.94,22.989,23.121,22.858
22.529,22.819,22.94,22.989,23.121
22.291,22.529,22.819,22.94,22.989
22.533,22.291,22.529,22.819,22.94
22.485,22.533,22.291,22.529,22.819
21.545,22.485,22.533,22.291,22.529
21.924,21.545,22.485,22.533,22.291
22.328,21.924,21.545,22.485,22.533
22.195,22.328,21.924,21.545,22.485
22.013,22.195,22.328,21.924,21.545
22.432,22.013,22.195,22.328,21.924
22.523,22.432,22.013,22.195,22.328
22.263,22.523,22.432,22.013,22.195
22.481,22.263,22.523,22.432,22.013
22.316,22.481,22.263,22.523,22.432
22.339,22.316,22.481,22.263,22.523
22.815,22.339,22.316,22.481,22.263
22.852,22.815,22.339,22.316,22.481
23.135,22.852,22.815,22.339,22.316
23.496,23.135,22.852,22.815,22.339
23.435,23.496,23.135,22.852,22.815
24.297,23.435,23.496,23.135,22.852
24.781,24.297,23.435,23.496,23.135
24.9,24.781,24.297,23.435,23.496
25.167,24.9,24.781,24.297,23.435
24.944,25.167,24.9,24.781,24.297
25.105,24.944,25.167,24.9,24.781
25.346,25.105,24.944,25.167,24.9
25.301,25.346,25.105,24.944,25.167
24.772,25.301,25.346,25.105,24.944
24.318,24.772,25.301,25.346,25.105
24.542,24.318,24.772,25.301,25.346
24.157,24.542,24.318,24.772,25.301
23.911,24.157,24.542,24.318,24.772
23.231,23.911,24.157,24.542,24.318
23.507,23.231,23.911,24.157,24.542
24.073,23.507,23.231,23.911,24.157
23.949,24.073,23.507,23.231,23.911
24.12,23.949,24.073,23.507,23.231
24.191,24.12,23.949,24.073,23.507
24.088,24.191,24.12,23.949,24.073
24.592,24.088,24.191,24.12,23.949
24.449,24.592,24.088,24.191,24.12
24.17,24.449,24.592,24.088,24.191
24.445,24.17,24.449,24.592,24.088
23.883,24.445,24.17,24.449,24.592
23.264,23.883,24.445,24.17,24.449
23.349,23.264,23.883,24.445,24.17
23.477,23.349,23.264,23.883,24.445
23.17,23.477,23.349,23.264,23.883
22.514,23.17,23.477,23.349,23.264
22.665,22.514,23.17,23.477,23.349
22.705,22.665,22.514,23.17,23.477
22.658,22.705,22.665,22.514,23.17
22.532,22.658,22.705,22.665,22.514
22.608,22.532,22.658,22.705,22.665
22.644,22.608,22.532,22.658,22.705
22.536,22.644,22.608,22.532,22.658
22.047,22.536,22.644,22.608,22.532
21.485,22.047,22.536,22.644,22.608
22.467,21.485,22.047,22.536,22.644
22.694,22.467,21.485,22.047,22.536
22.425,22.694,22.467,21.485,22.047
22.679,22.425,22.694,22.467,21.485
22.907,22.679,22.425,22.694,22.467
22.611,22.907,22.679,22.425,22.694
22.204,22.611,22.907,22.679,22.425
22.337,22.204,22.611,22.907,22.679
22.794,22.337,22.204,22.611,22.907
23.801,22.794,22.337,22.204,22.611
23.885,23.801,22.794,22.337,22.204
23.796,23.885,23.801,22.794,22.337
23.9,23.796,23.885,23.801,22.794
24.177,23.9,23.796,23.885,23.801
24.056,24.177,23.9,23.796,23.885
24.373,24.056,24.177,23.9,23.796
24.802,24.373,24.056,24.177,23.9
23.918,24.802,24.373,24.056,24.177
24.221,23.918,24.802,24.373,24.056
24.006,24.221,23.918,24.802,24.373
24.006,24.006,24.221,23.918,24.802
24.11,24.006,24.006,24.221,23.918
23.55,24.11,24.006,24.006,24.221
23.775,23.55,24.11,24.006,24.006
23.894,23.775,23.55,24.11,24.006
23.656,23.894,23.775,23.55,24.11
23.112,23.656,23.894,23.775,23.55
23.23,23.112,23.656,23.894,23.775
23.422,23.23,23.112,23.656,23.894
23.659,23.422,23.23,23.112,23.656
23.791,23.659,23.422,23.23,23.112
23.779,23.791,23.659,23.422,23.23
23.116,23.779,23.791,23.659,23.422
23.488,23.116,23.779,23.791,23.659
23.392,23.488,23.116,23.779,23.791
23.269,23.392,23.488,23.116,23.779
24.326,23.269,23.392,23.488,23.116
25.292,24.326,23.269,23.392,23.488
25.461,25.292,24.326,23.269,23.392
25.582,25.461,25.292,24.326,23.269
25.575,25.582,25.461,25.292,24.326
25.547,25.575,25.582,25.461,25.292
25.782,25.547,25.575,25.582,25.461
24.877,25.782,25.547,25.575,25.582
24.649,24.877,25.782,25.547,25.575
25.318,24.649,24.877,25.782,25.547
25.233,25.318,24.649,24.877,25.782
25.381,25.233,25.318,24.649,24.877
25.255,25.381,25.233,25.318,24.649
24.995,25.255,25.381,25.233,25.318
25.144,24.995,25.255,25.381,25.233
25.795,25.144,24.995,25.255,25.381
26.394,25.795,25.144,24.995,25.255
26.271,26.394,25.795,25.144,24.995
26.14,26.271,26.394,25.795,25.144
26.239,26.14,26.271,26.394,25.795
26.234,26.239,26.14,26.271,26.394
25.987,26.234,26.239,26.14,26.271
26.129,25.987,26.234,26.239,26.14
26.174,26.129,25.987,26.234,26.239
26.501,26.174,26.129,25.987,26.234
26.1,26.501,26.174,26.129,25.987
26.194,26.1,26.501,26.174,26.129
25.901,26.194,26.1,26.501,26.174
26.223,25.901,26.194,26.1,26.501
26.087,26.223,25.901,26.194,26.1
26.05,26.087,26.223,25.901,26.194
26.111,26.05,26.087,26.223,25.901
25.857,26.111,26.05,26.087,26.223
26.025,25.857,26.111,26.05,26.087
25.969,26.025,25.857,26.111,26.05
25.856,25.969,26.025,25.857,26.111
27.812,25.856,25.969,26.025,25.857
27.693,27.812,25.856,25.969,26.025
28.039,27.693,27.812,25.856,25.969
28.146,28.039,27.693,27.812,25.856
28.031,28.146,28.039,27.693,27.812
28.002,28.031,28.146,28.039,27.693
27.731,28.002,28.031,28.146,28.039
28.018,27.731,28.002,28.031,28.146
27.896,28.018,27.731,28.002,28.031
27.477,27.896,28.018,27.731,28.002
28.204,27.477,27.896,28.018,27.731
28.102,28.204,27.477,27.896,28.018
28.014,28.102,28.204,27.477,27.896
27.94,28.014,28.102,28.204,27.477
27.877,27.94,28.014,28.102,28.204
28.056,27.877,27.94,28.014,28.102
27.905,28.056,27.877,27.94,28.014
27.486,27.905,28.056,27.877,27.94
28.067,27.486,27.905,28.056,27.877
28.025,28.067,27.486,27.905,28.056
28.333,28.025,28.067,27.486,27.905
28.274,28.333,28.025,28.067,27.486
27.365,28.274,28.333,28.025,28.067
27.059,27.365,28.274,28.333,28.025
27.244,27.059,27.365,28.274,28.333
27.667,27.244,27.059,27.365,28.274
27.492,27.667,27.244,27.059,27.365
27.477,27.492,27.667,27.244,27.059
27.477,27.477,27.492,27.667,27.244
26.522,27.477,27.477,27.492,27.667
26.558,26.522,27.477,27.477,27.492
26.96,26.558,26.522,27.477,27.477
25.873,26.96,26.558,26.522,27.477
26.085,25.873,26.96,26.558,26.522
26.085,26.085,25.873,26.96,26.558
26.41,26.085,26.085,25.873,26.96
26.209,26.41,26.085,26.085,25.873
26.075,26.209,26.41,26.085,26.085
26.18,26.075,26.209,26.41,26.085
26.57,26.18,26.075,26.209,26.41
25.84,26.57,26.18,26.075,26.209
25.837,25.84,26.57,26.18,26.075
26.105,25.837,25.84,26.57,26.18
25.964,26.105,25.837,25.84,26.57
25.524,25.964,26.105,25.837,25.84
25.426,25.524,25.964,26.105,25.837
24.867,25.426,25.524,25.964,26.105
25.325,24.867,25.426,25.524,25.964
25.585,25.325,24.867,25.426,25.524
25.247,25.585,25.325,24.867,25.426
25.227,25.247,25.585,25.325,24.867
24.78,25.227,25.247,25.585,25.325
24.948,24.78,25.227,25.247,25.585
24.532,24.948,24.78,25.227,25.247
24.137,24.532,24.948,24.78,25.227
24.771,24.137,24.532,24.948,24.78
25.114,24.771,24.137,24.532,24.948
25.047,25.114,24.771,24.137,24.532
25.231,25.047,25.114,24.771,24.137
25.227,25.231,25.047,25.114,24.771
25.769,25.227,25.231,25.047,25.114
26.321,25.769,25.227,25.231,25.047
26.351,26.321,25.769,25.227,25.231
26.058,26.351,26.321,25.769,25.227
26.003,26.058,26.351,26.321,25.769
26.288,26.003,26.058,26.351,26.321
25.911,26.288,26.003,26.058,26.351
26.193,25.911,26.288,26.003,26.058
26.13,26.193,25.911,26.288,26.003
26.183,26.13,26.193,25.911,26.288
25.269,26.183,26.13,26.193,25.911
25.287,25.269,26.183,26.13,26.193
25.461,25.287,25.269,26.183,26.13
26.387,25.461,25.287,25.269,26.183
26.879,26.387,25.461,25.287,25.269
26.678,26.879,26.387,25.461,25.287
26.44,26.678,26.879,26.387,25.461
27.685,26.44,26.678,26.879,26.387
27.859,27.685,26.44,26.678,26.879
27.688,27.859,27.685,26.44,26.678
28.085,27.688,27.859,27.685,26.44
27.254,28.085,27.688,27.859,27.685
27.078,27.254,28.085,27.688,27.859
27.315,27.078,27.254,28.085,27.688
27.325,27.315,27.078,27.254,28.085
27.328,27.325,27.315,27.078,27.254
27.047,27.328,27.325,27.315,27.078
27.078,27.047,27.328,27.325,27.315
27.402,27.078,27.047,27.328,27.325
27.576,27.402,27.078,27.047,27.328
27.019,27.576,27.402,27.078,27.047
26.234,27.019,27.576,27.402,27.078
26.889,26.234,27.019,27.576,27.402
26.402,26.889,26.234,27.019,27.576
29.418,26.402,26.889,26.234,27.019
26.914,29.418,26.402,26.889,26.234
25.922,26.914,29.418,26.402,26.889
25.389,25.922,26.914,29.418,26.402
25.538,25.389,25.922,26.914,29.418
25.484,25.538,25.389,25.922,26.914
25.556,25.484,25.538,25.389,25.922
25.854,25.556,25.484,25.538,25.389
25.766,25.854,25.556,25.484,25.538
25.32,25.766,25.854,25.556,25.484
24.866,25.32,25.766,25.854,25.556
25.802,24.866,25.32,25.766,25.854
25.572,25.802,24.866,25.32,25.766
25.435,25.572,25.802,24.866,25.32
25.284,25.435,25.572,25.802,24.866
24.637,25.284,25.435,25.572,25.802
27.261,24.637,25.284,25.435,25.572
27.042,27.261,24.637,25.284,25.435
27.64,27.042,27.261,24.637,25.284
27.364,27.64,27.042,27.261,24.637
26.412,27.364,27.64,27.042,27.261
26.573,26.412,27.364,27.64,27.042
26.217,26.573,26.412,27.364,27.64
26.539,26.217,26.573,26.412,27.364
25.908,26.539,26.217,26.573,26.412
25.921,25.908,26.539,26.217,26.573
25.535,25.921,25.908,26.539,26.217
26.379,25.535,25.921,25.908,26.539
26.033,26.379,25.535,25.921,25.908
26.181,26.033,26.379,25.535,25.921
25.052,26.181,26.033,26.379,25.535
24.644,25.052,26.181,26.033,26.379
24.047,24.644,25.052,26.181,26.033
24.092,24.047,24.644,25.052,26.181
24.094,24.092,24.047,24.644,25.052
23.99,24.094,24.092,24.047,24.644
24.736,23.99,24.094,24.092,24.047
24.794,24.736,23.99,24.094,24.092
24.253,24.794,24.736,23.99,24.094
24.137,24.253,24.794,24.736,23.99
24.08,24.137,24.253,24.794,24.736
24.09,24.08,24.137,24.253,24.794
22.593,24.09,24.08,24.137,24.253
22.639,22.593,24.09,24.08,24.137
23.362,22.639,22.593,24.09,24.08
23.3,23.362,22.639,22.593,24.09
23.633,23.3,23.362,22.639,22.593
24.363,23.633,23.3,23.362,22.639
24.048,24.363,23.633,23.3,23.362
24.448,24.048,24.363,23.633,23.3
24.651,24.448,24.048,24.363,23.633
24.802,24.651,24.448,24.048,24.363
24.775,24.802,24.651,24.448,24.048
24.306,24.775,24.802,24.651,24.448
24.267,24.306,24.775,24.802,24.651
24.462,24.267,24.306,24.775,24.802
23.701,24.462,24.267,24.306,24.775
25.662,23.701,24.462,24.267,24.306
25.191,25.662,23.701,24.462,24.267
23.893,25.191,25.662,23.701,24.462
24.334,23.893,25.191,25.662,23.701
24.033,24.334,23.893,25.191,25.662
23.646,24.033,24.334,23.893,25.191
23.36,23.646,24.033,24.334,23.893
23.359,23.36,23.646,24.033,24.334
24.57,23.359,23.36,23.646,24.033
24.42,24.57,23.359,23.36,23.646
24.675,24.42,24.57,23.359,23.36
24.709,24.675,24.42,24.57,23.359
25.241,24.709,24.675,24.42,24.57
24.98,25.241,24.709,24.675,24.42
24.698,24.98,25.241,24.709,24.675
24.405,24.698,24.98,25.241,24.709
24.224,24.405,24.698,24.98,25.241
24.395,24.224,24.405,24.698,24.98
24.129,24.395,24.224,24.405,24.698
25.271,24.129,24.395,24.224,24.405
25.108,25.271,24.129,24.395,24.224
23.876,25.108,25.271,24.129,24.395
23.896,23.876,25.108,25.271,24.129
23.921,23.896,23.876,25.108,25.271
24.56,23.921,23.896,23.876,25.108
24.029,24.56,23.921,23.896,23.876
24.254,24.029,24.56,23.921,23.896
23.494,24.254,24.029,24.56,23.921
24.445,23.494,24.254,24.029,24.56
23.604,24.445,23.494,24.254,24.029
23.093,23.604,24.445,23.494,24.254
23.196,23.093,23.604,24.445,23.494
23.105,23.196,23.093,23.604,24.445
24.523,23.105,23.196,23.093,23.604
24.387,24.523,23.105,23.196,23.093
27.129,24.387,24.523,23.105,23.196
27.1,27.129,24.387,24.523,23.105
27.476,27.1,27.129,24.387,24.523
27.464,27.476,27.1,27.129,24.387
27.355,27.464,27.476,27.1,27.129
26.857,27.355,27.464,27.476,27.1
27.291,26.857,27.355,27.464,27.476
27.083,27.291,26.857,27.355,27.464
26.991,27.083,27.291,26.857,27.355
26.712,26.991,27.083,27.291,26.857
26.875,26.712,26.991,27.083,27.291
27.395,26.875,26.712,26.991,27.083
28.645,27.395,26.875,26.712,26.991
28.594,28.645,27.395,26.875,26.712
27.79,28.594,28.645,27.395,26.875
27.025,27.79,28.594,28.645,27.395
27.449,27.025,27.79,28.594,28.645
26.273,27.449,27.025,27.79,28.594
26.607,26.273,27.449,27.025,27.79
26.732,26.607,26.273,27.449,27.025
27.147,26.732,26.607,26.273,27.449
27.34,27.147,26.732,26.607,26.273
28.075,27.34,27.147,26.732,26.607
27.667,28.075,27.34,27.147,26.732
26.089,27.667,28.075,27.34,27.147
27.718,26.089,27.667,28.075,27.34
25.979,27.718,26.089,27.667,28.075
26.049,25.979,27.718,26.089,27.667
29.261,26.049,25.979,27.718,26.089
27.54,29.261,26.049,25.979,27.718
28.4,27.54,29.261,26.049,25.979
26.89,28.4,27.54,29.261,26.049
26.028,26.89,28.4,27.54,29.261
24.417,26.028,26.89,28.4,27.54
24.216,24.417,26.028,26.89,28.4
23.362,24.216,24.417,26.028,26.89
24.321,23.362,24.216,24.417,26.028
24.3,24.321,23.362,24.216,24.417
24.501,24.3,24.321,23.362,24.216
22.85,24.501,24.3,24.321,23.362
22.988,22.85,24.501,24.3,24.321
23.144,22.988,22.85,24.501,24.3
21.557,23.144,22.988,22.85,24.501
20.192,21.557,23.144,22.988,22.85
19.764,20.192,21.557,23.144,22.988
19.573,19.764,20.192,21.557,23.144
19.761,19.573,19.764,20.192,21.557
19.53,19.761,19.573,19.764,20.192
19.788,19.53,19.761,19.573,19.764
19.053,19.788,19.53,19.761,19.573
18.962,19.053,19.788,19.53,19.761
19.161,18.962,19.053,19.788,19.53
18.699,19.161,18.962,19.053,19.788
18.582,18.699,19.161,18.962,19.053
18.322,18.582,18.699,19.161,18.962
18.218,18.322,18.582,18.699,19.161
18.637,18.218,18.322,18.582,18.699
18.064,18.637,18.218,18.322,18.582
18.168,18.064,18.637,18.218,18.322
17.895,18.168,18.064,18.637,18.218
17.67,17.895,18.168,18.064,18.637
18.063,17.67,17.895,18.168,18.064
17.902,18.063,17.67,17.895,18.168
17.847,17.902,18.063,17.67,17.895
17.508,17.847,17.902,18.063,17.67
17.775,17.508,17.847,17.902,18.063
17.652,17.775,17.508,17.847,17.902
17.399,17.652,17.775,17.508,17.847
17.482,17.399,17.652,17.775,17.508
17.889,17.482,17.399,17.652,17.775
17.796,17.889,17.482,17.399,17.652
17.794,17.796,17.889,17.482,17.399
17.893,17.794,17.796,17.889,17.482
17.479,17.893,17.794,17.796,17.889
18.061,17.479,17.893,17.794,17.796
17.958,18.061,17.479,17.893,17.794
18.26,17.958,18.061,17.479,17.893
18.827,18.26,17.958,18.061,17.479
18.499,18.827,18.26,17.958,18.061
17.967,18.499,18.827,18.26,17.958
17.757,17.967,18.499,18.827,18.26
17.595,17.757,17.967,18.499,18.827
17.693,17.595,17.757,17.967,18.499
17.364,17.693,17.595,17.757,17.967
18.031,17.364,17.693,17.595,17.757
17.901,18.031,17.364,17.693,17.595
17.468,17.901,18.031,17.364,17.693
17.07,17.468,17.901,18.031,17.364
16.156,17.07,17.468,17.901,18.031
15.671,16.156,17.07,17.468,17.901
15.709,15.671,16.156,17.07,17.468
15.68,15.709,15.671,16.156,17.07
15.778,15.68,15.709,15.671,16.156
15.59,15.778,15.68,15.709,15.671
15.015,15.59,15.778,15.68,15.709
15.11,15.015,15.59,15.778,15.68
14.796,15.11,15.015,15.59,15.778
14.938,14.796,15.11,15.015,15.59
14.973,14.938,14.796,15.11,15.015
15.315,14.973,14.938,14.796,15.11
15.171,15.315,14.973,14.938,14.796
15.21,15.171,15.315,14.973,14.938
15.263,15.21,15.171,15.315,14.973
15.357,15.263,15.21,15.171,15.315
15.335,15.357,15.263,15.21,15.171
14.876,15.335,15.357,15.263,15.21
15.614,14.876,15.335,15.357,15.263
15.295,15.614,14.876,15.335,15.357
15.622,15.295,15.614,14.876,15.335
15.505,15.622,15.295,15.614,14.876
16.13,15.505,15.622,15.295,15.614
15.537,16.13,15.505,15.622,15.295
16.053,15.537,16.13,15.505,15.622
15.205,16.053,15.537,16.13,15.505
15.48,15.205,16.053,15.537,16.13
15.169,15.48,15.205,16.053,15.537
14.494,15.169,15.48,15.205,16.053
14.654,14.494,15.169,15.48,15.205
13.984,14.654,14.494,15.169,15.48
14.156,13.984,14.654,14.494,15.169
14.132,14.156,13.984,14.654,14.494
14.534,14.132,14.156,13.984,14.654
14.676,14.534,14.132,14.156,13.984
14.873,14.676,14.534,14.132,14.156
14.257,14.873,14.676,14.534,14.132
13.261,14.257,14.873,14.676,14.534
12.385,13.261,14.257,14.873,14.676
12.134,12.385,13.261,14.257,14.873
11.772,12.134,12.385,13.261,14.257
12.495,11.772,12.134,12.385,13.261
12.816,12.495,11.772,12.134,12.385
14.5,12.816,12.495,11.772,12.134
16.005,14.5,12.816,12.495,11.772
16.776,16.005,14.5,12.816,12.495
16.955,16.776,16.005,14.5,12.816
17.054,16.955,16.776,16.005,14.5
17.263,17.054,16.955,16.776,16.005
17.393,17.263,17.054,16.955,16.776
17.246,17.393,17.263,17.054,16.955
17.188,17.246,17.393,17.263,17.054
16.739,17.188,17.246,17.393,17.263
16.457,16.739,17.188,17.246,17.393
17.735,16.457,16.739,17.188,17.246
17.834,17.735,16.457,16.739,17.188
18.191,17.834,17.735,16.457,16.739
18.876,18.191,17.834,17.735,16.457
18.53,18.876,18.191,17.834,17.735
18.319,18.53,18.876,18.191,17.834
18.311,18.319,18.53,18.876,18.191
18.192,18.311,18.319,18.53,18.876
18.15,18.192,18.311,18.319,18.53
17.734,18.15,18.192,18.311,18.319
17.619,17.734,18.15,18.192,18.311
17.497,17.619,17.734,18.15,18.192
17.597,17.497,17.619,17.734,18.15
17.785,17.597,17.497,17.619,17.734
17.692,17.785,17.597,17.497,17.619
17.818,17.692,17.785,17.597,17.497
17.602,17.818,17.692,17.785,17.597
17.561,17.602,17.818,17.692,17.785
17.67,17.561,17.602,17.818,17.692
18.012,17.67,17.561,17.602,17.818
17.992,18.012,17.67,17.561,17.602
17.487,17.992,18.012,17.67,17.561
17.458,17.487,17.992,18.012,17.67
18.056,17.458,17.487,17.992,18.012
18.113,18.056,17.458,17.487,17.992
17.829,18.113,18.056,17.458,17.487
17.828,17.829,18.113,18.056,17.458
17.808,17.828,17.829,18.113,18.056
17.808,17.808,17.828,17.829,18.113
18.073,17.808,17.808,17.828,17.829
17.939,18.073,17.808,17.808,17.828
17.988,17.939,18.073,17.808,17.808
17.742,17.988,17.939,18.073,17.808
17.996,17.742,17.988,17.939,18.073
18.105,17.996,17.742,17.988,17.939
17.936,18.105,17.996,17.742,17.988
18.167,17.936,18.105,17.996,17.742
18.393,18.167,17.936,18.105,17.996
18.179,18.393,18.167,17.936,18.105
18.151,18.179,18.393,18.167,17.936
18.046,18.151,18.179,18.393,18.167
17.921,18.046,18.151,18.179,18.393
18.001,17.921,18.046,18.151,18.179
17.943,18.001,17.921,18.046,18.151
17.99,17.943,18.001,17.921,18.046
17.853,17.99,17.943,18.001,17.921
17.499,17.853,17.99,17.943,18.001
17.224,17.499,17.853,17.99,17.943
17.154,17.224,17.499,17.853,17.99
17.049,17.154,17.224,17.499,17.853
17.072,17.049,17.154,17.224,17.499
17.113,17.072,17.049,17.154,17.224
17.012,17.113,17.072,17.049,17.154
16.949,17.012,17.113,17.072,17.049
16.849,16.949,17.012,17.113,17.072
16.702,16.849,16.949,17.012,17.113
16.642,16.702,16.849,16.949,17.012
16.596,16.642,16.702,16.849,16.949
17.059,16.596,16.642,16.702,16.849
16.916,17.059,16.596,16.642,16.702
17.248,16.916,17.059,16.596,16.642
16.966,17.248,16.916,17.059,16.596
17.06,16.966,17.248,16.916,17.059
17.106,17.06,16.966,17.248,16.916
16.912,17.106,17.06,16.966,17.248
17.045,16.912,17.106,17.06,16.966
16.886,17.045,16.912,17.106,17.06
17,16.886,17.045,16.912,17.106
17.065,17,16.886,17.045,16.912
17.115,17.065,17,16.886,17.045
17.118,17.115,17.065,17,16.886
17,17.118,17.115,17.065,17
16.948,17,17.118,17.115,17.065
17.028,16.948,17,17.118,17.115
16.913,17.028,16.948,17,17.118
16.692,16.913,17.028,16.948,17
16.802,16.692,16.913,17.028,16.948
16.823,16.802,16.692,16.913,17.028
17.01,16.823,16.802,16.692,16.913
17.598,17.01,16.823,16.802,16.692
17.568,17.598,17.01,16.823,16.802
18.066,17.568,17.598,17.01,16.823
18.052,18.066,17.568,17.598,17.01
18.067,18.052,18.066,17.568,17.598
17.867,18.067,18.052,18.066,17.568
17.831,17.867,18.067,18.052,18.066
17.876,17.831,17.867,18.067,18.052
17.926,17.876,17.831,17.867,18.067
17.804,17.926,17.876,17.831,17.867
17.58,17.804,17.926,17.876,17.831
17.5,17.58,17.804,17.926,17.876
17.602,17.5,17.58,17.804,17.926
17.578,17.602,17.5,17.58,17.804
17.612,17.578,17.602,17.5,17.58
17.427,17.612,17.578,17.602,17.5
17.384,17.427,17.612,17.578,17.602
17.71,17.384,17.427,17.612,17.578
17.544,17.71,17.384,17.427,17.612
17.602,17.544,17.71,17.384,17.427
17.81,17.602,17.544,17.71,17.384
17.7,17.81,17.602,17.544,17.71
17.54,17.7,17.81,17.602,17.544
17.625,17.54,17.7,17.81,17.602
17.676,17.625,17.54,17.7,17.81
17.683,17.676,17.625,17.54,17.7
17.302,17.683,17.676,17.625,17.54
16.998,17.302,17.683,17.676,17.625
17.652,16.998,17.302,17.683,17.676
17.912,17.652,16.998,17.302,17.683
18.073,17.912,17.652,16.998,17.302
18.628,18.073,17.912,17.652,16.998
18.711,18.628,18.073,17.912,17.652
17.849,18.711,18.628,18.073,17.912
17.884,17.849,18.711,18.628,18.073
17.919,17.884,17.849,18.711,18.628
18.14,17.919,17.884,17.849,18.711
18.026,18.14,17.919,17.884,17.849
17.569,18.026,18.14,17.919,17.884
18.177,17.569,18.026,18.14,17.919
18.17,18.177,17.569,18.026,18.14
18.186,18.17,18.177,17.569,18.026
18.167,18.186,18.17,18.177,17.569
18.119,18.167,18.186,18.17,18.177
18.807,18.119,18.167,18.186,18.17
19.547,18.807,18.119,18.167,18.186
19.186,19.547,18.807,18.119,18.167
19.237,19.186,19.547,18.807,18.119
18.342,19.237,19.186,19.547,18.807
18.323,18.342,19.237,19.186,19.547
18.318,18.323,18.342,19.237,19.186
18.153,18.318,18.323,18.342,19.237
17.641,18.153,18.318,18.323,18.342
17.413,17.641,18.153,18.318,18.323
17.04,17.413,17.641,18.153,18.318
17.151,17.04,17.413,17.641,18.153
17.148,17.151,17.04,17.413,17.641
16.94,17.148,17.151,17.04,17.413
17.122,16.94,17.148,17.151,17.04
17.214,17.122,16.94,17.148,17.151
17.28,17.214,17.122,16.94,17.148
16.985,17.28,17.214,17.122,16.94
17.071,16.985,17.28,17.214,17.122
16.931,17.071,16.985,17.28,17.214
16.936,16.931,17.071,16.985,17.28
17.196,16.936,16.931,17.071,16.985
16.445,17.196,16.936,16.931,17.071
16.393,16.445,17.196,16.936,16.931
16.27,16.393,16.445,17.196,16.936
16.18,16.27,16.393,16.445,17.196
16.405,16.18,16.27,16.393,16.445
16.558,16.405,16.18,16.27,16.393
16.44,16.558,16.405,16.18,16.27
16.397,16.44,16.558,16.405,16.18
16.411,16.397,16.44,16.558,16.405
16.626,16.411,16.397,16.44,16.558
16.476,16.626,16.411,16.397,16.44
16.411,16.476,16.626,16.411,16.397
16.195,16.411,16.476,16.626,16.411
16.198,16.195,16.411,16.476,16.626
15.971,16.198,16.195,16.411,16.476
15.678,15.971,16.198,16.195,16.411
15.365,15.678,15.971,16.198,16.195
15.236,15.365,15.678,15.971,16.198
15.146,15.236,15.365,15.678,15.971
15.226,15.146,15.236,15.365,15.678
15.147,15.226,15.146,15.236,15.365
15.05,15.147,15.226,15.146,15.236
15.001,15.05,15.147,15.226,15.146
15.001,15.001,15.05,15.147,15.226
15.336,15.001,15.001,15.05,15.147
15.238,15.336,15.001,15.001,15.05
15.193,15.238,15.336,15.001,15.001
15.341,15.193,15.238,15.336,15.001
15.294,15.341,15.193,15.238,15.336
15.294,15.294,15.341,15.193,15.238
15.3,15.294,15.294,15.341,15.193
15.377,15.3,15.294,15.294,15.341
15.29,15.377,15.3,15.294,15.294
15.492,15.29,15.377,15.3,15.294
14.958,15.492,15.29,15.377,15.3
14.993,14.958,15.492,15.29,15.377
14.829,14.993,14.958,15.492,15.29
14.803,14.829,14.993,14.958,15.492
14.892,14.803,14.829,14.993,14.958
14.753,14.892,14.803,14.829,14.993
14.74,14.753,14.892,14.803,14.829
14.639,14.74,14.753,14.892,14.803
15.031,14.639,14.74,14.753,14.892
14.905,15.031,14.639,14.74,14.753
14.791,14.905,15.031,14.639,14.74
14.769,14.791,14.905,15.031,14.639
14.74,14.769,14.791,14.905,15.031
14.567,14.74,14.769,14.791,14.905
14.491,14.567,14.74,14.769,14.791
14.411,14.491,14.567,14.74,14.769
14.32,14.411,14.491,14.567,14.74
14.32,14.32,14.411,14.491,14.567
14.555,14.32,14.32,14.411,14.491
14.613,14.555,14.32,14.32,14.411
14.449,14.613,14.555,14.32,14.32
14.41,14.449,14.613,14.555,14.32
14.445,14.41,14.449,14.613,14.555
14.388,14.445,14.41,14.449,14.613
14.539,14.388,14.445,14.41,14.449
14.812,14.539,14.388,14.445,14.41
14.812,14.812,14.539,14.388,14.445
14.777,14.812,14.812,14.539,14.388
14.79,14.777,14.812,14.812,14.539
14.773,14.79,14.777,14.812,14.812
14.862,14.773,14.79,14.777,14.812
14.926,14.862,14.773,14.79,14.777
14.927,14.926,14.862,14.773,14.79
14.978,14.927,14.926,14.862,14.773
14.617,14.978,14.927,14.926,14.862
14.729,14.617,14.978,14.927,14.926
14.984,14.729,14.617,14.978,14.927
14.933,14.984,14.729,14.617,14.978
15.088,14.933,14.984,14.729,14.617
14.879,15.088,14.933,14.984,14.729
14.916,14.879,15.088,14.933,14.984
14.791,14.916,14.879,15.088,14.933
14.975,14.791,14.916,14.879,15.088
14.955,14.975,14.791,14.916,14.879
14.939,14.955,14.975,14.791,14.916
14.915,14.939,14.955,14.975,14.791
14.975,14.915,14.939,14.955,14.975
14.963,14.975,14.915,14.939,14.955
14.867,14.963,14.975,14.915,14.939
15.244,14.867,14.963,14.975,14.915
15.211,15.244,14.867,14.963,14.975
15.216,15.211,15.244,14.867,14.963
15.086,15.216,15.211,15.244,14.867
15.084,15.086,15.216,15.211,15.244
15.102,15.084,15.086,15.216,15.211
15.061,15.102,15.084,15.086,15.216
15.099,15.061,15.102,15.084,15.086
15.11,15.099,15.061,15.102,15.084
14.973,15.11,15.099,15.061,15.102
15.298,14.973,15.11,15.099,15.061
15.429,15.298,14.973,15.11,15.099
15.567,15.429,15.298,14.973,15.11
15.407,15.567,15.429,15.298,14.973
15.437,15.407,15.567,15.429,15.298
15.318,15.437,15.407,15.567,15.429
15.372,15.318,15.437,15.407,15.567
15.322,15.372,15.318,15.437,15.407
15.324,15.322,15.372,15.318,15.437
15.171,15.324,15.322,15.372,15.318
15.456,15.171,15.324,15.322,15.372
15.413,15.456,15.171,15.324,15.322
15.274,15.413,15.456,15.171,15.324
15.349,15.274,15.413,15.456,15.171
15.04,15.349,15.274,15.413,15.456
15.085,15.04,15.349,15.274,15.413
15.105,15.085,15.04,15.349,15.274
15.105,15.105,15.085,15.04,15.349
15.256,15.105,15.105,15.085,15.04
15.634,15.256,15.105,15.105,15.085
15.766,15.634,15.256,15.105,15.105
15.832,15.766,15.634,15.256,15.105
15.83,15.832,15.766,15.634,15.256
15.914,15.83,15.832,15.766,15.634
15.801,15.914,15.83,15.832,15.766
16.177,15.801,15.914,15.83,15.832
16.013,16.177,15.801,15.914,15.83
15.967,16.013,16.177,15.801,15.914
15.743,15.967,16.013,16.177,15.801
15.528,15.743,15.967,16.013,16.177
15.652,15.528,15.743,15.967,16.013
15.69,15.652,15.528,15.743,15.967
15.74,15.69,15.652,15.528,15.743
15.809,15.74,15.69,15.652,15.528
15.713,15.809,15.74,15.69,15.652
15.701,15.713,15.809,15.74,15.69
15.836,15.701,15.713,15.809,15.74
15.886,15.836,15.701,15.713,15.809
15.931,15.886,15.836,15.701,15.713
16.072,15.931,15.886,15.836,15.701
15.927,16.072,15.931,15.886,15.836
15.839,15.927,16.072,15.931,15.886
15.765,15.839,15.927,16.072,15.931
15.699,15.765,15.839,15.927,16.072
15.3,15.699,15.765,15.839,15.927
15.38,15.3,15.699,15.765,15.839
15.325,15.38,15.3,15.699,15.765
15.325,15.325,15.38,15.3,15.699
15.399,15.325,15.325,15.38,15.3
15.536,15.399,15.325,15.325,15.38
15.638,15.536,15.399,15.325,15.325
15.62,15.638,15.536,15.399,15.325
15.686,15.62,15.638,15.536,15.399
15.656,15.686,15.62,15.638,15.536
15.643,15.656,15.686,15.62,15.638
15.735,15.643,15.656,15.686,15.62
15.713,15.735,15.643,15.656,15.686
15.756,15.713,15.735,15.643,15.656
15.786,15.756,15.713,15.735,15.643
15.797,15.786,15.756,15.713,15.735
15.649,15.797,15.786,15.756,15.713
15.54,15.649,15.797,15.786,15.756
15.436,15.54,15.649,15.797,15.786
15.31,15.436,15.54,15.649,15.797
15.123,15.31,15.436,15.54,15.649
14.82,15.123,15.31,15.436,15.54
14.702,14.82,15.123,15.31,15.436
14.869,14.702,14.82,15.123,15.31
14.818,14.869,14.702,14.82,15.123
14.701,14.818,14.869,14.702,14.82
14.759,14.701,14.818,14.869,14.702
14.637,14.759,14.701,14.818,14.869
14.855,14.637,14.759,14.701,14.818
14.851,14.855,14.637,14.759,14.701
14.628,14.851,14.855,14.637,14.759
14.605,14.628,14.851,14.855,14.637
14.696,14.605,14.628,14.851,14.855
14.509,14.696,14.605,14.628,14.851
14.582,14.509,14.696,14.605,14.628
14.64,14.582,14.509,14.696,14.605
14.499,14.64,14.582,14.509,14.696
14.217,14.499,14.64,14.582,14.509
14.402,14.217,14.499,14.64,14.582
14.325,14.402,14.217,14.499,14.64
14.084,14.325,14.402,14.217,14.499
14.205,14.084,14.325,14.402,14.217
14.287,14.205,14.084,14.325,14.402
14.243,14.287,14.205,14.084,14.325
14.502,14.243,14.287,14.205,14.084
14.269,14.502,14.243,14.287,14.205
14.403,14.269,14.502,14.243,14.287
14.382,14.403,14.269,14.502,14.243
14.263,14.382,14.403,14.269,14.502
14.08,14.263,14.382,14.403,14.269
13.977,14.08,14.263,14.382,14.403
14.011,13.977,14.08,14.263,14.382
14.14,14.011,13.977,14.08,14.263
14.423,14.14,14.011,13.977,14.08
14.569,14.423,14.14,14.011,13.977
14.5,14.569,14.423,14.14,14.011
14.647,14.5,14.569,14.423,14.14
14.756,14.647,14.5,14.569,14.423
14.777,14.756,14.647,14.5,14.569
14.282,14.777,14.756,14.647,14.5
14.462,14.282,14.777,14.756,14.647
14.442,14.462,14.282,14.777,14.756
14.7,14.442,14.462,14.282,14.777
14.63,14.7,14.442,14.462,14.282
14.676,14.63,14.7,14.442,14.462
14.793,14.676,14.63,14.7,14.442
14.587,14.793,14.676,14.63,14.7
14.65,14.587,14.793,14.676,14.63
14.604,14.65,14.587,14.793,14.676
14.663,14.604,14.65,14.587,14.793
14.701,14.663,14.604,14.65,14.587
14.727,14.701,14.663,14.604,14.65
14.635,14.727,14.701,14.663,14.604
14.606,14.635,14.727,14.701,14.663
14.326,14.606,14.635,14.727,14.701
14.4,14.326,14.606,14.635,14.727
14.329,14.4,14.326,14.606,14.635
14.649,14.329,14.4,14.326,14.606
14.59,14.649,14.329,14.4,14.326
14.67,14.59,14.649,14.329,14.4
14.693,14.67,14.59,14.649,14.329
14.507,14.693,14.67,14.59,14.649
14.712,14.507,14.693,14.67,14.59
14.29,14.712,14.507,14.693,14.67
14.401,14.29,14.712,14.507,14.693
14.493,14.401,14.29,14.712,14.507
14.341,14.493,14.401,14.29,14.712
14.359,14.341,14.493,14.401,14.29
14.305,14.359,14.341,14.493,14.401
14.28,14.305,14.359,14.341,14.493
14.185,14.28,14.305,14.359,14.341
14.223,14.185,14.28,14.305,14.359
14.142,14.223,14.185,14.28,14.305
14.244,14.142,14.223,14.185,14.28
14.293,14.244,14.142,14.223,14.185
14.153,14.293,14.244,14.142,14.223
14.181,14.153,14.293,14.244,14.142
14.17,14.181,14.153,14.293,14.244
14.181,14.17,14.181,14.153,14.293
14.22,14.181,14.17,14.181,14.153
14.145,14.22,14.181,14.17,14.181
14.18,14.145,14.22,14.181,14.17
14.557,14.18,14.145,14.22,14.181
14.594,14.557,14.18,14.145,14.22
14.697,14.594,14.557,14.18,14.145
14.774,14.697,14.594,14.557,14.18
14.859,14.774,14.697,14.594,14.557
14.794,14.859,14.774,14.697,14.594
14.542,14.794,14.859,14.774,14.697
14.75,14.542,14.794,14.859,14.774
14.766,14.75,14.542,14.794,14.859
14.67,14.766,14.75,14.542,14.794
14.631,14.67,14.766,14.75,14.542
14.713,14.631,14.67,14.766,14.75
14.454,14.713,14.631,14.67,14.766
15.053,14.454,14.713,14.631,14.67
14.982,15.053,14.454,14.713,14.631
15.295,14.982,15.053,14.454,14.713
15.462,15.295,14.982,15.053,14.454
15.432,15.462,15.295,14.982,15.053
15.373,15.432,15.462,15.295,14.982
15.348,15.373,15.432,15.462,15.295
15.462,15.348,15.373,15.432,15.462
15.385,15.462,15.348,15.373,15.432
15.452,15.385,15.462,15.348,15.373
15.559,15.452,15.385,15.462,15.348
15.537,15.559,15.452,15.385,15.462
15.493,15.537,15.559,15.452,15.385
15.495,15.493,15.537,15.559,15.452
15.589,15.495,15.493,15.537,15.559
15.52,15.589,15.495,15.493,15.537
15.425,15.52,15.589,15.495,15.493
15.549,15.425,15.52,15.589,15.495
15.402,15.549,15.425,15.52,15.589
15.574,15.402,15.549,15.425,15.52
15.617,15.574,15.402,15.549,15.425
15.812,15.617,15.574,15.402,15.549
15.815,15.812,15.617,15.574,15.402
15.977,15.815,15.812,15.617,15.574
15.817,15.977,15.815,15.812,15.617
16.087,15.817,15.977,15.815,15.812
16.139,16.087,15.817,15.977,15.815
16.069,16.139,16.087,15.817,15.977
16.097,16.069,16.139,16.087,15.817
16.097,16.097,16.069,16.139,16.087
16.043,16.097,16.097,16.069,16.139
15.835,16.043,16.097,16.097,16.069
16.198,15.835,16.043,16.097,16.097
16.041,16.198,15.835,16.043,16.097
16.151,16.041,16.198,15.835,16.043
16.25,16.151,16.041,16.198,15.835
16.328,16.25,16.151,16.041,16.198
16.459,16.328,16.25,16.151,16.041
16.326,16.459,16.328,16.25,16.151
16.309,16.326,16.459,16.328,16.25
16.323,16.309,16.326,16.459,16.328
16.44,16.323,16.309,16.326,16.459
16.48,16.44,16.323,16.309,16.326
17.262,16.48,16.44,16.323,16.309
16.991,17.262,16.48,16.44,16.323
16.891,16.991,17.262,16.48,16.44
16.952,16.891,16.991,17.262,16.48
16.741,16.952,16.891,16.991,17.262
16.815,16.741,16.952,16.891,16.991
16.694,16.815,16.741,16.952,16.891
16.543,16.694,16.815,16.741,16.952
16.431,16.543,16.694,16.815,16.741
16.441,16.431,16.543,16.694,16.815
16.458,16.441,16.431,16.543,16.694
16.544,16.458,16.441,16.431,16.543
16.373,16.544,16.458,16.441,16.431
16.373,16.373,16.544,16.458,16.441
16.546,16.373,16.373,16.544,16.458
16.687,16.546,16.373,16.373,16.544
16.405,16.687,16.546,16.373,16.373
16.575,16.405,16.687,16.546,16.373
16.52,16.575,16.405,16.687,16.546
16.455,16.52,16.575,16.405,16.687
16.481,16.455,16.52,16.575,16.405
16.371,16.481,16.455,16.52,16.575
16.269,16.371,16.481,16.455,16.52
16.645,16.269,16.371,16.481,16.455
16.752,16.645,16.269,16.371,16.481
16.759,16.752,16.645,16.269,16.371
16.539,16.759,16.752,16.645,16.269
16.472,16.539,16.759,16.752,16.645
16.495,16.472,16.539,16.759,16.752
16.519,16.495,16.472,16.539,16.759
16.447,16.519,16.495,16.472,16.539
16.375,16.447,16.519,16.495,16.472
16.127,16.375,16.447,16.519,16.495
16.401,16.127,16.375,16.447,16.519
16.497,16.401,16.127,16.375,16.447
16.491,16.497,16.401,16.127,16.375
16.502,16.491,16.497,16.401,16.127
16.703,16.502,16.491,16.497,16.401
16.587,16.703,16.502,16.491,16.497
17.163,16.587,16.703,16.502,16.491
17.239,17.163,16.587,16.703,16.502
17.248,17.239,17.163,16.587,16.703
16.787,17.248,17.239,17.163,16.587
16.677,16.787,17.248,17.239,17.163
16.658,16.677,16.787,17.248,17.239
16.473,16.658,16.677,16.787,17.248
16.768,16.473,16.658,16.677,16.787
16.596,16.768,16.473,16.658,16.677
16.529,16.596,16.768,16.473,16.658
16.362,16.529,16.596,16.768,16.473
16.355,16.362,16.529,16.596,16.768
16.254,16.355,16.362,16.529,16.596
16.392,16.254,16.355,16.362,16.529
16.672,16.392,16.254,16.355,16.362
16.268,16.672,16.392,16.254,16.355
16.253,16.268,16.672,16.392,16.254
16.541,16.253,16.268,16.672,16.392
16.684,16.541,16.253,16.268,16.672
16.582,16.684,16.541,16.253,16.268
16.387,16.582,16.684,16.541,16.253
16.419,16.387,16.582,16.684,16.541
16.185,16.419,16.387,16.582,16.684
16.325,16.185,16.419,16.387,16.582
16.272,16.325,16.185,16.419,16.387
16.422,16.272,16.325,16.185,16.419
16.537,16.422,16.272,16.325,16.185
16.627,16.537,16.422,16.272,16.325
16.536,16.627,16.537,16.422,16.272
16.608,16.536,16.627,16.537,16.422
16.5,16.608,16.536,16.627,16.537
16.494,16.5,16.608,16.536,16.627
16.784,16.494,16.5,16.608,16.536
16.412,16.784,16.494,16.5,16.608
16.466,16.412,16.784,16.494,16.5
16.276,16.466,16.412,16.784,16.494
16.407,16.276,16.466,16.412,16.784
16.434,16.407,16.276,16.466,16.412
16.55,16.434,16.407,16.276,16.466
16.484,16.55,16.434,16.407,16.276
16.587,16.484,16.55,16.434,16.407
16.617,16.587,16.484,16.55,16.434
16.478,16.617,16.587,16.484,16.55
16.438,16.478,16.617,16.587,16.484
16.712,16.438,16.478,16.617,16.587
16.796,16.712,16.438,16.478,16.617
16.878,16.796,16.712,16.438,16.478
16.528,16.878,16.796,16.712,16.438
16.57,16.528,16.878,16.796,16.712
16.139,16.57,16.528,16.878,16.796
16.341,16.139,16.57,16.528,16.878
16.238,16.341,16.139,16.57,16.528
16.58,16.238,16.341,16.139,16.57
16.671,16.58,16.238,16.341,16.139
16.709,16.671,16.58,16.238,16.341
17.155,16.709,16.671,16.58,16.238
17.241,17.155,16.709,16.671,16.58
17.058,17.241,17.155,16.709,16.671
17.127,17.058,17.241,17.155,16.709
17.441,17.127,17.058,17.241,17.155
17.615,17.441,17.127,17.058,17.241
17.489,17.615,17.441,17.127,17.058
16.913,17.489,17.615,17.441,17.127
16.989,16.913,17.489,17.615,17.441
17.036,16.989,16.913,17.489,17.615
16.954,17.036,16.989,16.913,17.489
17.166,16.954,17.036,16.989,16.913
17.189,17.166,16.954,17.036,16.989
17.189,17.189,17.166,16.954,17.036
17.141,17.189,17.189,17.166,16.954
16.966,17.141,17.189,17.189,17.166
17.035,16.966,17.141,17.189,17.189
17.01,17.035,16.966,17.141,17.189
17.144,17.01,17.035,16.966,17.141
17.285,17.144,17.01,17.035,16.966
17.269,17.285,17.144,17.01,17.035
17.267,17.269,17.285,17.144,17.01
17.206,17.267,17.269,17.285,17.144
17.145,17.206,17.267,17.269,17.285
16.923,17.145,17.206,17.267,17.269
16.756,16.923,17.145,17.206,17.267
16.604,16.756,16.923,17.145,17.206
16.444,16.604,16.756,16.923,17.145
16.239,16.444,16.604,16.756,16.923
16.275,16.239,16.444,16.604,16.756
16.153,16.275,16.239,16.444,16.604
16.205,16.153,16.275,16.239,16.444
16.063,16.205,16.153,16.275,16.239
15.934,16.063,16.205,16.153,16.275
15.869,15.934,16.063,16.205,16.153
15.668,15.869,15.934,16.063,16.205
15.785,15.668,15.869,15.934,16.063
15.823,15.785,15.668,15.869,15.934
15.802,15.823,15.785,15.668,15.869
15.955,15.802,15.823,15.785,15.668
16.068,15.955,15.802,15.823,15.785
16.373,16.068,15.955,15.802,15.823
16.388,16.373,16.068,15.955,15.802
16.474,16.388,16.373,16.068,15.955
16.561,16.474,16.388,16.373,16.068
16.822,16.561,16.474,16.388,16.373
17.02,16.822,16.561,16.474,16.388
17.022,17.02,16.822,16.561,16.474
16.992,17.022,17.02,16.822,16.561
17.112,16.992,17.022,17.02,16.822
16.96,17.112,16.992,17.022,17.02
16.842,16.96,17.112,16.992,17.022
17.373,16.842,16.96,17.112,16.992
17.072,17.373,16.842,16.96,17.112
16.971,17.072,17.373,16.842,16.96
17.073,16.971,17.072,17.373,16.842
17.047,17.073,16.971,17.072,17.373
16.871,17.047,17.073,16.971,17.072
16.975,16.871,17.047,17.073,16.971
17.138,16.975,16.871,17.047,17.073
16.94,17.138,16.975,16.871,17.047
17.235,16.94,17.138,16.975,16.871
16.834,17.235,16.94,17.138,16.975
17.137,16.834,17.235,16.94,17.138
17.176,17.137,16.834,17.235,16.94
16.693,17.176,17.137,16.834,17.235
16.847,16.693,17.176,17.137,16.834
16.752,16.847,16.693,17.176,17.137
16.811,16.752,16.847,16.693,17.176
16.925,16.811,16.752,16.847,16.693
16.966,16.925,16.811,16.752,16.847
17.075,16.966,16.925,16.811,16.752
17.078,17.075,16.966,16.925,16.811
17.255,17.078,17.075,16.966,16.925
16.997,17.255,17.078,17.075,16.966
17.041,16.997,17.255,17.078,17.075
17.369,17.041,16.997,17.255,17.078
17.411,17.369,17.041,16.997,17.255
17.266,17.411,17.369,17.041,16.997
17.133,17.266,17.411,17.369,17.041
17.207,17.133,17.266,17.411,17.369
16.971,17.207,17.133,17.266,17.411
16.79,16.971,17.207,17.133,17.266
16.638,16.79,16.971,17.207,17.133
16.624,16.638,16.79,16.971,17.207
16.65,16.624,16.638,16.79,16.971
16.654,16.65,16.624,16.638,16.79
16.676,16.654,16.65,16.624,16.638
16.847,16.676,16.654,16.65,16.624
16.827,16.847,16.676,16.654,16.65
16.883,16.827,16.847,16.676,16.654
17.147,16.883,16.827,16.847,16.676
16.984,17.147,16.883,16.827,16.847
17.018,16.984,17.147,16.883,16.827
17.334,17.018,16.984,17.147,16.883
17.279,17.334,17.018,16.984,17.147
17.156,17.279,17.334,17.018,16.984
17.701,17.156,17.279,17.334,17.018
17.789,17.701,17.156,17.279,17.334
17.867,17.789,17.701,17.156,17.279
17.89,17.867,17.789,17.701,17.156
17.902,17.89,17.867,17.789,17.701
18.123,17.902,17.89,17.867,17.789
18.116,18.123,17.902,17.89,17.867
17.91,18.116,18.123,17.902,17.89
17.906,17.91,18.116,18.123,17.902
17.941,17.906,17.91,18.116,18.123
17.816,17.941,17.906,17.91,18.116
17.575,17.816,17.941,17.906,17.91
17.503,17.575,17.816,17.941,17.906
17.426,17.503,17.575,17.816,17.941
17.441,17.426,17.503,17.575,17.816
17.049,17.441,17.426,17.503,17.575
16.963,17.049,17.441,17.426,17.503
17.046,16.963,17.049,17.441,17.426
16.982,17.046,16.963,17.049,17.441
17.015,16.982,17.046,16.963,17.049
17,17.015,16.982,17.046,16.963
17.053,17,17.015,16.982,17.046
16.94,17.053,17,17.015,16.982
16.714,16.94,17.053,17,17.015
17.122,16.714,16.94,17.053,17
17.07,17.122,16.714,16.94,17.053
17.065,17.07,17.122,16.714,16.94
16.863,17.065,17.07,17.122,16.714
16.389,16.863,17.065,17.07,17.122
16.251,16.389,16.863,17.065,17.07
16.252,16.251,16.389,16.863,17.065
16.63,16.252,16.251,16.389,16.863
16.733,16.63,16.252,16.251,16.389
16.764,16.733,16.63,16.252,16.251
16.786,16.764,16.733,16.63,16.252
16.695,16.786,16.764,16.733,16.63
16.573,16.695,16.786,16.764,16.733
16.459,16.573,16.695,16.786,16.764
16.542,16.459,16.573,16.695,16.786
16.443,16.542,16.459,16.573,16.695
16.457,16.443,16.542,16.459,16.573
16.345,16.457,16.443,16.542,16.459
16.297,16.345,16.457,16.443,16.542
16.268,16.297,16.345,16.457,16.443
16.099,16.268,16.297,16.345,16.457
15.933,16.099,16.268,16.297,16.345
15.691,15.933,16.099,16.268,16.297
15.887,15.691,15.933,16.099,16.268
15.745,15.887,15.691,15.933,16.099
15.629,15.745,15.887,15.691,15.933
15.425,15.629,15.745,15.887,15.691
15.983,15.425,15.629,15.745,15.887
15.896,15.983,15.425,15.629,15.745
15.896,15.896,15.983,15.425,15.629
16.092,15.896,15.896,15.983,15.425
16.627,16.092,15.896,15.896,15.983
16.654,16.627,16.092,15.896,15.896
16.727,16.654,16.627,16.092,15.896
16.588,16.727,16.654,16.627,16.092
16.572,16.588,16.727,16.654,16.627
16.647,16.572,16.588,16.727,16.654
16.509,16.647,16.572,16.588,16.727
16.374,16.509,16.647,16.572,16.588
16.417,16.374,16.509,16.647,16.572
16.502,16.417,16.374,16.509,16.647
16.661,16.502,16.417,16.374,16.509
16.716,16.661,16.502,16.417,16.374
17.136,16.716,16.661,16.502,16.417
16.767,17.136,16.716,16.661,16.502
16.944,16.767,17.136,16.716,16.661
17.223,16.944,16.767,17.136,16.716
17.414,17.223,16.944,16.767,17.136
17.62,17.414,17.223,16.944,16.767
17.71,17.62,17.414,17.223,16.944
17.581,17.71,17.62,17.414,17.223
17.525,17.581,17.71,17.62,17.414
17.281,17.525,17.581,17.71,17.62
17.406,17.281,17.525,17.581,17.71
17.464,17.406,17.281,17.525,17.581
17.427,17.464,17.406,17.281,17.525
17.323,17.427,17.464,17.406,17.281
17.193,17.323,17.427,17.464,17.406
17.117,17.193,17.323,17.427,17.464
17.139,17.117,17.193,17.323,17.427
17.191,17.139,17.117,17.193,17.323
16.796,17.191,17.139,17.117,17.193
16.67,16.796,17.191,17.139,17.117
16.906,16.67,16.796,17.191,17.139
16.747,16.906,16.67,16.796,17.191
16.603,16.747,16.906,16.67,16.796
16.402,16.603,16.747,16.906,16.67
16.265,16.402,16.603,16.747,16.906
16.207,16.265,16.402,16.603,16.747
16.067,16.207,16.265,16.402,16.603
16.258,16.067,16.207,16.265,16.402
16.274,16.258,16.067,16.207,16.265
16.303,16.274,16.258,16.067,16.207
16.546,16.303,16.274,16.258,16.067
16.831,16.546,16.303,16.274,16.258
16.842,16.831,16.546,16.303,16.274
17.262,16.842,16.831,16.546,16.303
17.334,17.262,16.842,16.831,16.546
17.363,17.334,17.262,16.842,16.831
17.591,17.363,17.334,17.262,16.842
17.858,17.591,17.363,17.334,17.262
17.856,17.858,17.591,17.363,17.334
18.018,17.856,17.858,17.591,17.363
18.162,18.018,17.856,17.858,17.591
18.272,18.162,18.018,17.856,17.858
18.514,18.272,18.162,18.018,17.856
18.51,18.514,18.272,18.162,18.018
18.3,18.51,18.514,18.272,18.162
18.254,18.3,18.51,18.514,18.272
17.915,18.254,18.3,18.51,18.514
18.151,17.915,18.254,18.3,18.51
18.246,18.151,17.915,18.254,18.3
18.187,18.246,18.151,17.915,18.254
18.323,18.187,18.246,18.151,17.915
18.212,18.323,18.187,18.246,18.151
18.256,18.212,18.323,18.187,18.246
18.206,18.256,18.212,18.323,18.187
18.252,18.206,18.256,18.212,18.323
18.252,18.252,18.206,18.256,18.212
18.108,18.252,18.252,18.206,18.256
17.748,18.108,18.252,18.252,18.206
17.593,17.748,18.108,18.252,18.252
17.578,17.593,17.748,18.108,18.252
17.583,17.578,17.593,17.748,18.108
17.438,17.583,17.578,17.593,17.748
17.413,17.438,17.583,17.578,17.593
17.33,17.413,17.438,17.583,17.578
16.923,17.33,17.413,17.438,17.583
16.923,16.923,17.33,17.413,17.438
16.972,16.923,16.923,17.33,17.413
16.923,16.972,16.923,16.923,17.33
17.036,16.923,16.972,16.923,16.923
17.298,17.036,16.923,16.972,16.923
17.536,17.298,17.036,16.923,16.972
17.773,17.536,17.298,17.036,16.923
17.74,17.773,17.536,17.298,17.036
17.748,17.74,17.773,17.536,17.298
18.489,17.748,17.74,17.773,17.536
18.469,18.489,17.748,17.74,17.773
18.417,18.469,18.489,17.748,17.74
18.406,18.417,18.469,18.489,17.748
18.117,18.406,18.417,18.469,18.489
17.95,18.117,18.406,18.417,18.469
18.04,17.95,18.117,18.406,18.417
18.001,18.04,17.95,18.117,18.406
18.03,18.001,18.04,17.95,18.117
18.074,18.03,18.001,18.04,17.95
17.963,18.074,18.03,18.001,18.04
17.889,17.963,18.074,18.03,18.001
17.821,17.889,17.963,18.074,18.03
17.933,17.821,17.889,17.963,18.074
17.741,17.933,17.821,17.889,17.963
17.705,17.741,17.933,17.821,17.889
17.756,17.705,17.741,17.933,17.821
17.693,17.756,17.705,17.741,17.933
17.479,17.693,17.756,17.705,17.741
17.429,17.479,17.693,17.756,17.705
17.45,17.429,17.479,17.693,17.756
17.543,17.45,17.429,17.479,17.693
17.152,17.543,17.45,17.429,17.479
17.136,17.152,17.543,17.45,17.429
16.85,17.136,17.152,17.543,17.45
16.98,16.85,17.136,17.152,17.543
17.185,16.98,16.85,17.136,17.152
17.186,17.185,16.98,16.85,17.136
17.032,17.186,17.185,16.98,16.85
17.002,17.032,17.186,17.185,16.98
17.274,17.002,17.032,17.186,17.185
17.148,17.274,17.002,17.032,17.186
17.148,17.148,17.274,17.002,17.032
16.765,17.148,17.148,17.274,17.002
16.825,16.765,17.148,17.148,17.274
16.828,16.825,16.765,17.148,17.148
16.848,16.828,16.825,16.765,17.148
16.683,16.848,16.828,16.825,16.765
16.519,16.683,16.848,16.828,16.825
16.637,16.519,16.683,16.848,16.828
16.552,16.637,16.519,16.683,16.848
16.409,16.552,16.637,16.519,16.683
